base_product_sin,outfit_1,outfit_2,outfit_3,outfit_4
1593203695,https://www.shopbop.com/t249-khara-rib-scoop-tank/vp/v=1/1529029481.htm,https://www.shopbop.com/otto-blush-tile-pant-alix/vp/v=1/1593203695.htm,https://www.shopbop.com/laurel-sandal-staud/vp/v=1/1591195528.htm,https://www.shopbop.com/medium-rosetta-shoulder-bag-reformation/vp/v=1/1532019168.htm
1524169741,https://www.shopbop.com/daybreak-essential-tank-vitamin-a/vp/v=1/1583869193.htm,https://www.shopbop.com/coast-crop-tee-vitamin-a/vp/v=1/1527685956.htm,https://www.shopbop.com/coast-pant-vitamin-a/vp/v=1/1524169741.htm,https://www.shopbop.com/azzy-sporty-sandal-schutz/vp/v=1/1502595211.htm
1588278108,https://www.shopbop.com/beaded-partridge-top-great/vp/v=1/1501022277.htm,https://www.shopbop.com/pomonok-gusset-cargo-pants-moussy/vp/v=1/1588278108.htm,https://www.shopbop.com/antonia-mesh-andrea-gomez/vp/v=1/1541234310.htm,https://www.shopbop.com/active-botanical-serum-vintners-daughter/vp/v=1/1533448267.htm
1587704551,https://www.shopbop.com/kumiko-jacket-cinq-sept/vp/v=1/1597390178.htm,https://www.shopbop.com/crop-rib-tank-amo/vp/v=1/1566835183.htm,https://www.shopbop.com/ruffle-nitsan-parachute-pant-cinq/vp/v=1/1587704551.htm,https://www.shopbop.com/harlyn-toe-ring-sandal-sam/vp/v=1/1568884163.htm
1592217829,https://www.shopbop.com/relaxed-drawstring-trousers-rhe/vp/v=1/1592217829.htm,https://www.shopbop.com/caprice-heel-tony-bianco/vp/v=1/1505263643.htm,https://www.shopbop.com/colorblur-glow-balm-goop/vp/v=1/1587855682.htm,
1515452983,https://www.shopbop.com/gilian-blazer-garment/vp/v=1/1529886015.htm,https://www.shopbop.com/gilian-pants-garment/vp/v=1/1515452983.htm,https://www.shopbop.com/inez-mule-schutz/vp/v=1/1562402637.htm,https://www.shopbop.com/eliza-puffs-jenny-bird/vp/v=1/1545217473.htm
1563579185,https://www.shopbop.com/head-clouds-cardigan-lioness/vp/v=1/1544475305.htm,https://www.shopbop.com/serenity-pant-lioness/vp/v=1/1563579185.htm,https://www.shopbop.com/1dr-shoulder-bag-diesel/vp/v=1/1592279014.htm,https://www.shopbop.com/lilly-hoops-jennifer-fisher/vp/v=1/1506572503.htm
1580976707,https://www.shopbop.com/scoop-neck-tank-wardrobenyc/vp/v=1/1508620189.htm,https://www.shopbop.com/striped-vest-le-bop/vp/v=1/1556085797.htm,https://www.shopbop.com/striped-wide-leg-pants-le/vp/v=1/1580976707.htm,https://www.shopbop.com/harris-calf-leather-moka-aeyde/vp/v=1/1567023155.htm
1592576874,https://www.shopbop.com/ribbed-button-le-bop/vp/v=1/1589974642.htm,https://www.shopbop.com/ribbed-flare-pants-le-bop/vp/v=1/1592576874.htm,https://www.shopbop.com/daisy-tony-bianco/vp/v=1/1567702013.htm,https://www.shopbop.com/mercer-small-hobo-rag-bone/vp/v=1/1582263197.htm
1517362237,https://www.shopbop.com/top-olta-bash/vp/v=1/1549847264.htm,https://www.shopbop.com/marcelle-cargo-citizens-humanity/vp/v=1/1517362237.htm,https://www.shopbop.com/cadey-lee-sandals-schutz/vp/v=1/1572079745.htm,https://www.shopbop.com/blush-all-day-hydrating-powder/vp/v=1/1552615442.htm
1589578378,https://www.shopbop.com/helene-sweatshirt-le-bop/vp/v=1/1515005707.htm,https://www.shopbop.com/70s-pocket-shirt-hommegirls/vp/v=1/1511337094.htm,https://www.shopbop.com/lou-sweatpant-le-bop/vp/v=1/1589578378.htm,https://www.shopbop.com/grace-gia-borghini/vp/v=1/1561083705.htm
1578673861,https://www.shopbop.com/poplin-shirt-donni/vp/v=1/1537677825.htm,https://www.shopbop.com/eos-white-top-alohas/vp/v=1/1582330453.htm,https://www.shopbop.com/stripe-pop-drawstring-pant-donni/vp/v=1/1578673861.htm,https://www.shopbop.com/mini-slide-bag-proenza-schouler/vp/v=1/1530959753.htm
1540621301,https://www.shopbop.com/t248-kourtney-french-terry-hoodie/vp/v=1/1560689189.htm,https://www.shopbop.com/everyday-tee-stripe-free-people/vp/v=1/1542925707.htm,https://www.shopbop.com/freecity-large-sweatpant/vp/v=1/1540621301.htm,https://www.shopbop.com/nike-pacific/vp/v=1/1563007952.htm
1587167452,https://www.shopbop.com/supima-rib-baby-cropped-fitted/vp/v=1/1561261373.htm,https://www.shopbop.com/eco-terry-crewneck-donni/vp/v=1/1560026694.htm,https://www.shopbop.com/pop-simple-pant-donni/vp/v=1/1587167452.htm,https://www.shopbop.com/triple-lilly-huggies-jennifer-fisher/vp/v=1/1527649548.htm
1595371789,https://www.shopbop.com/camille-cropped-linen-top-le/vp/v=1/1594321899.htm,https://www.shopbop.com/camille-pull-pant-le-bop/vp/v=1/1595371789.htm,https://www.shopbop.com/boyfriend-flip-flop-tkees/vp/v=1/1561521641.htm,https://www.shopbop.com/nat-tote-hat-attack/vp/v=1/1523555257.htm
1546131634,https://www.shopbop.com/tasha-cropped-tank-reformation/vp/v=1/1585853144.htm,https://www.shopbop.com/easy-linen-pull-pant-100/vp/v=1/1546131634.htm,https://www.shopbop.com/harlyn-toe-ring-sandal-sam/vp/v=1/1568884163.htm,https://www.shopbop.com/palermo-tote-natural-anine-bing/vp/v=1/1503154664.htm
1514812480,https://www.shopbop.com/renata-cropped-shirt-simkhai/vp/v=1/1552744607.htm,https://www.shopbop.com/thin-strap-tank-parke/vp/v=1/1576557251.htm,https://www.shopbop.com/cotton-twill-horseshoe-pant-parke/vp/v=1/1514812480.htm,https://www.shopbop.com/penny-loafer-jamie-haller/vp/v=1/1539362619.htm
1552969425,https://www.shopbop.com/dorean-top-z-supply/vp/v=1/1563046081.htm,https://www.shopbop.com/sorrento-pants-z-supply/vp/v=1/1552969425.htm,https://www.shopbop.com/sona-thong-sandal-free-people/vp/v=1/1516973133.htm,https://www.shopbop.com/puffy-buckle-shoulder-madewell/vp/v=1/1574760958.htm
1593974712,https://www.shopbop.com/classic-cardigan-st-agni/vp/v=1/1539232166.htm,https://www.shopbop.com/emmi-short-agolde/vp/v=1/1500109957.htm,https://www.shopbop.com/cotton-twill-horseshoe-pant-parke/vp/v=1/1593974712.htm,https://www.shopbop.com/clara-snake-print-goat-leather/vp/v=1/1542951010.htm
1523027806,https://www.shopbop.com/mikki-blouse-nili-lotan/vp/v=1/1595234273.htm,https://www.shopbop.com/tribeca-pant-nili-lotan/vp/v=1/1523027806.htm,https://www.shopbop.com/kibera-sandal-amanu/vp/v=1/1511245861.htm,https://www.shopbop.com/pouchette-ssnl-madewell/vp/v=1/1532452856.htm
1580934233,https://www.shopbop.com/collar-knit-half-sleeves-top/vp/v=1/1583149895.htm,https://www.shopbop.com/knit-pants-english-factory/vp/v=1/1580934233.htm,https://www.shopbop.com/triana-strappy-mid-heel-sandal/vp/v=1/1533125451.htm,https://www.shopbop.com/shaped-pierced-earring-kenneth-jay/vp/v=1/1508994092.htm
1505178155,https://www.shopbop.com/shelburne-parka-canada-goose/vp/v=1/1504628405.htm,https://www.shopbop.com/sydney-sweater-olive-anine-bing/vp/v=1/1533631702.htm,https://www.shopbop.com/shon-pant-nili-lotan/vp/v=1/1505178155.htm,https://www.shopbop.com/dominique-hoops-shashi/vp/v=1/1540270486.htm
1516799937,https://www.shopbop.com/salt-pepper-logo-laser-oversize/vp/v=1/1598573337.htm,https://www.shopbop.com/neck-tank-free-people/vp/v=1/1505911148.htm,https://www.shopbop.com/crop-string-top-susana-monaco/vp/v=1/1581514448.htm,https://www.shopbop.com/perfect-pant-slim-straight-spanx/vp/v=1/1516799937.htm
1506551915,https://www.shopbop.com/blue-tropical-cameo-off-white/vp/v=1/1532343419.htm,https://www.shopbop.com/blue-tropical-cameo-off-white/vp/v=1/1506551915.htm,https://www.shopbop.com/maddalena-capri-sandal-maria-luca/vp/v=1/1598391109.htm,https://www.shopbop.com/arc-bag-poolside-bags/vp/v=1/1581643103.htm
1557414699,https://www.shopbop.com/quinta-blazer-lioness/vp/v=1/1531442113.htm,https://www.shopbop.com/quinta-pant-lioness/vp/v=1/1557414699.htm,https://www.shopbop.com/lace-bralette-ivory-anine-bing/vp/v=1/1503659041.htm,https://www.shopbop.com/narumi-neous/vp/v=1/1548934426.htm
1544289386,https://www.shopbop.com/super-fine-gauge-perfect-mens/vp/v=1/1577742120.htm,https://www.shopbop.com/soleil-pant-z-supply/vp/v=1/1544289386.htm,https://www.shopbop.com/crinkle-metallic-riad-flat-simon/vp/v=1/1524942300.htm,https://www.shopbop.com/perforated-soft-tote-st-agni/vp/v=1/1587326793.htm
1525726229,https://www.shopbop.com/biggie-concert-mother/vp/v=1/1513999083.htm,https://www.shopbop.com/short-sleeve-baby-tee-eterne/vp/v=1/1567709332.htm,https://www.shopbop.com/freecity-large-sweatpant/vp/v=1/1525726229.htm,https://www.shopbop.com/riviera-veronica-beard/vp/v=1/1557189526.htm
1574001847,https://www.shopbop.com/capsule-top-staud/vp/v=1/1563360881.htm,https://www.shopbop.com/knack-pant-staud/vp/v=1/1574001847.htm,https://www.shopbop.com/natalia-thong-sandal-staud/vp/v=1/1510815690.htm,https://www.shopbop.com/link-hoops-rabanne/vp/v=1/1573130839.htm
1518481295,https://www.shopbop.com/callie-zip-hoodie-nili-lotan/vp/v=1/1578564205.htm,https://www.shopbop.com/tasha-cropped-tank-reformation/vp/v=1/1585853144.htm,https://www.shopbop.com/freecity-large-sweatpant/vp/v=1/1518481295.htm,https://www.shopbop.com/bullet-leather-sneaker-gola/vp/v=1/1504283882.htm
1594939742,https://www.shopbop.com/cropped-long-sleeve-tee-stripe/vp/v=1/1545596289.htm,https://www.shopbop.com/freecity-large-sweatpant/vp/v=1/1594939742.htm,https://www.shopbop.com/badminton-sneaker-gola/vp/v=1/1542574164.htm,https://www.shopbop.com/samira-baby-hoops-jennifer-fisher/vp/v=1/1531292274.htm
1511711208,https://www.shopbop.com/marti-tank-guest-in-residence/vp/v=1/1562445853.htm,https://www.shopbop.com/patch-pocket-flare-100-linen/vp/v=1/1511711208.htm,https://www.shopbop.com/seabird-flip-flops-beek/vp/v=1/1502184689.htm,https://www.shopbop.com/suede-brooklyn-shoulder-bag-coach/vp/v=1/1510152751.htm
1516255073,https://www.shopbop.com/mason-pant-reformation/vp/v=1/1516255073.htm,https://www.shopbop.com/asta-skirt-lisa-yang/vp/v=1/1595410318.htm,https://www.shopbop.com/carmella-vest-solid-striped/vp/v=1/1599509431.htm,https://www.shopbop.com/nina-heels-metal-toe-cap/vp/v=1/1586548298.htm
1568015120,https://www.shopbop.com/cotton-voile-shirt-nili-lotan/vp/v=1/1570709094.htm,https://www.shopbop.com/baxter-pant-xirena/vp/v=1/1568015120.htm,https://www.shopbop.com/penny-loafer-jamie-haller/vp/v=1/1539362619.htm,https://www.shopbop.com/rich-cream-augustinus-bader/vp/v=1/1576274604.htm
1593203695,https://www.shopbop.com/t249-khara-rib-scoop-tank/vp/v=1/1529029481.htm,https://www.shopbop.com/otto-blush-tile-pant-alix/vp/v=1/1593203695.htm,https://www.shopbop.com/laurel-sandal-staud/vp/v=1/1591195528.htm,https://www.shopbop.com/medium-rosetta-shoulder-bag-reformation/vp/v=1/1532019168.htm
1524169741,https://www.shopbop.com/daybreak-essential-tank-vitamin-a/vp/v=1/1583869193.htm,https://www.shopbop.com/coast-crop-tee-vitamin-a/vp/v=1/1527685956.htm,https://www.shopbop.com/coast-pant-vitamin-a/vp/v=1/1524169741.htm,https://www.shopbop.com/azzy-sporty-sandal-schutz/vp/v=1/1502595211.htm
1588278108,https://www.shopbop.com/beaded-partridge-top-great/vp/v=1/1501022277.htm,https://www.shopbop.com/pomonok-gusset-cargo-pants-moussy/vp/v=1/1588278108.htm,https://www.shopbop.com/antonia-mesh-andrea-gomez/vp/v=1/1541234310.htm,https://www.shopbop.com/active-botanical-serum-vintners-daughter/vp/v=1/1533448267.htm
1587704551,https://www.shopbop.com/kumiko-jacket-cinq-sept/vp/v=1/1597390178.htm,https://www.shopbop.com/crop-rib-tank-amo/vp/v=1/1566835183.htm,https://www.shopbop.com/ruffle-nitsan-parachute-pant-cinq/vp/v=1/1587704551.htm,https://www.shopbop.com/harlyn-toe-ring-sandal-sam/vp/v=1/1568884163.htm
1592217829,https://www.shopbop.com/relaxed-drawstring-trousers-rhe/vp/v=1/1592217829.htm,https://www.shopbop.com/caprice-heel-tony-bianco/vp/v=1/1505263643.htm,https://www.shopbop.com/colorblur-glow-balm-goop/vp/v=1/1587855682.htm,
1515452983,https://www.shopbop.com/gilian-blazer-garment/vp/v=1/1529886015.htm,https://www.shopbop.com/gilian-pants-garment/vp/v=1/1515452983.htm,https://www.shopbop.com/inez-mule-schutz/vp/v=1/1562402637.htm,https://www.shopbop.com/eliza-puffs-jenny-bird/vp/v=1/1545217473.htm
1563579185,https://www.shopbop.com/head-clouds-cardigan-lioness/vp/v=1/1544475305.htm,https://www.shopbop.com/serenity-pant-lioness/vp/v=1/1563579185.htm,https://www.shopbop.com/1dr-shoulder-bag-diesel/vp/v=1/1592279014.htm,https://www.shopbop.com/lilly-hoops-jennifer-fisher/vp/v=1/1506572503.htm
1580976707,https://www.shopbop.com/scoop-neck-tank-wardrobenyc/vp/v=1/1508620189.htm,https://www.shopbop.com/striped-vest-le-bop/vp/v=1/1556085797.htm,https://www.shopbop.com/striped-wide-leg-pants-le/vp/v=1/1580976707.htm,https://www.shopbop.com/harris-calf-leather-moka-aeyde/vp/v=1/1567023155.htm
1592576874,https://www.shopbop.com/ribbed-button-le-bop/vp/v=1/1589974642.htm,https://www.shopbop.com/ribbed-flare-pants-le-bop/vp/v=1/1592576874.htm,https://www.shopbop.com/daisy-tony-bianco/vp/v=1/1567702013.htm,https://www.shopbop.com/mercer-small-hobo-rag-bone/vp/v=1/1582263197.htm
1517362237,https://www.shopbop.com/top-olta-bash/vp/v=1/1549847264.htm,https://www.shopbop.com/marcelle-cargo-citizens-humanity/vp/v=1/1517362237.htm,https://www.shopbop.com/cadey-lee-sandals-schutz/vp/v=1/1572079745.htm,https://www.shopbop.com/blush-all-day-hydrating-powder/vp/v=1/1552615442.htm
1589578378,https://www.shopbop.com/helene-sweatshirt-le-bop/vp/v=1/1515005707.htm,https://www.shopbop.com/70s-pocket-shirt-hommegirls/vp/v=1/1511337094.htm,https://www.shopbop.com/lou-sweatpant-le-bop/vp/v=1/1589578378.htm,https://www.shopbop.com/grace-gia-borghini/vp/v=1/1561083705.htm
1578673861,https://www.shopbop.com/poplin-shirt-donni/vp/v=1/1537677825.htm,https://www.shopbop.com/eos-white-top-alohas/vp/v=1/1582330453.htm,https://www.shopbop.com/stripe-pop-drawstring-pant-donni/vp/v=1/1578673861.htm,https://www.shopbop.com/mini-slide-bag-proenza-schouler/vp/v=1/1530959753.htm
1540621301,https://www.shopbop.com/t248-kourtney-french-terry-hoodie/vp/v=1/1560689189.htm,https://www.shopbop.com/everyday-tee-stripe-free-people/vp/v=1/1542925707.htm,https://www.shopbop.com/freecity-large-sweatpant/vp/v=1/1540621301.htm,https://www.shopbop.com/nike-pacific/vp/v=1/1563007952.htm
1587167452,https://www.shopbop.com/supima-rib-baby-cropped-fitted/vp/v=1/1561261373.htm,https://www.shopbop.com/eco-terry-crewneck-donni/vp/v=1/1560026694.htm,https://www.shopbop.com/pop-simple-pant-donni/vp/v=1/1587167452.htm,https://www.shopbop.com/triple-lilly-huggies-jennifer-fisher/vp/v=1/1527649548.htm
1595371789,https://www.shopbop.com/camille-cropped-linen-top-le/vp/v=1/1594321899.htm,https://www.shopbop.com/camille-pull-pant-le-bop/vp/v=1/1595371789.htm,https://www.shopbop.com/boyfriend-flip-flop-tkees/vp/v=1/1561521641.htm,https://www.shopbop.com/nat-tote-hat-attack/vp/v=1/1523555257.htm
1546131634,https://www.shopbop.com/tasha-cropped-tank-reformation/vp/v=1/1585853144.htm,https://www.shopbop.com/easy-linen-pull-pant-100/vp/v=1/1546131634.htm,https://www.shopbop.com/harlyn-toe-ring-sandal-sam/vp/v=1/1568884163.htm,https://www.shopbop.com/palermo-tote-natural-anine-bing/vp/v=1/1503154664.htm
1514812480,https://www.shopbop.com/renata-cropped-shirt-simkhai/vp/v=1/1552744607.htm,https://www.shopbop.com/thin-strap-tank-parke/vp/v=1/1576557251.htm,https://www.shopbop.com/cotton-twill-horseshoe-pant-parke/vp/v=1/1514812480.htm,https://www.shopbop.com/penny-loafer-jamie-haller/vp/v=1/1539362619.htm
1552969425,https://www.shopbop.com/dorean-top-z-supply/vp/v=1/1563046081.htm,https://www.shopbop.com/sorrento-pants-z-supply/vp/v=1/1552969425.htm,https://www.shopbop.com/sona-thong-sandal-free-people/vp/v=1/1516973133.htm,https://www.shopbop.com/puffy-buckle-shoulder-madewell/vp/v=1/1574760958.htm
1593974712,https://www.shopbop.com/classic-cardigan-st-agni/vp/v=1/1539232166.htm,https://www.shopbop.com/emmi-short-agolde/vp/v=1/1500109957.htm,https://www.shopbop.com/cotton-twill-horseshoe-pant-parke/vp/v=1/1593974712.htm,https://www.shopbop.com/clara-snake-print-goat-leather/vp/v=1/1542951010.htm
1523027806,https://www.shopbop.com/mikki-blouse-nili-lotan/vp/v=1/1595234273.htm,https://www.shopbop.com/tribeca-pant-nili-lotan/vp/v=1/1523027806.htm,https://www.shopbop.com/kibera-sandal-amanu/vp/v=1/1511245861.htm,https://www.shopbop.com/pouchette-ssnl-madewell/vp/v=1/1532452856.htm
1580934233,https://www.shopbop.com/collar-knit-half-sleeves-top/vp/v=1/1583149895.htm,https://www.shopbop.com/knit-pants-english-factory/vp/v=1/1580934233.htm,https://www.shopbop.com/triana-strappy-mid-heel-sandal/vp/v=1/1533125451.htm,https://www.shopbop.com/shaped-pierced-earring-kenneth-jay/vp/v=1/1508994092.htm
1505178155,https://www.shopbop.com/shelburne-parka-canada-goose/vp/v=1/1504628405.htm,https://www.shopbop.com/sydney-sweater-olive-anine-bing/vp/v=1/1533631702.htm,https://www.shopbop.com/shon-pant-nili-lotan/vp/v=1/1505178155.htm,https://www.shopbop.com/dominique-hoops-shashi/vp/v=1/1540270486.htm
1516799937,https://www.shopbop.com/salt-pepper-logo-laser-oversize/vp/v=1/1598573337.htm,https://www.shopbop.com/neck-tank-free-people/vp/v=1/1505911148.htm,https://www.shopbop.com/crop-string-top-susana-monaco/vp/v=1/1581514448.htm,https://www.shopbop.com/perfect-pant-slim-straight-spanx/vp/v=1/1516799937.htm
1506551915,https://www.shopbop.com/blue-tropical-cameo-off-white/vp/v=1/1532343419.htm,https://www.shopbop.com/blue-tropical-cameo-off-white/vp/v=1/1506551915.htm,https://www.shopbop.com/maddalena-capri-sandal-maria-luca/vp/v=1/1598391109.htm,https://www.shopbop.com/arc-bag-poolside-bags/vp/v=1/1581643103.htm
1557414699,https://www.shopbop.com/quinta-blazer-lioness/vp/v=1/1531442113.htm,https://www.shopbop.com/quinta-pant-lioness/vp/v=1/1557414699.htm,https://www.shopbop.com/lace-bralette-ivory-anine-bing/vp/v=1/1503659041.htm,https://www.shopbop.com/narumi-neous/vp/v=1/1548934426.htm
1544289386,https://www.shopbop.com/super-fine-gauge-perfect-mens/vp/v=1/1577742120.htm,https://www.shopbop.com/soleil-pant-z-supply/vp/v=1/1544289386.htm,https://www.shopbop.com/crinkle-metallic-riad-flat-simon/vp/v=1/1524942300.htm,https://www.shopbop.com/perforated-soft-tote-st-agni/vp/v=1/1587326793.htm
1525726229,https://www.shopbop.com/biggie-concert-mother/vp/v=1/1513999083.htm,https://www.shopbop.com/short-sleeve-baby-tee-eterne/vp/v=1/1567709332.htm,https://www.shopbop.com/freecity-large-sweatpant/vp/v=1/1525726229.htm,https://www.shopbop.com/riviera-veronica-beard/vp/v=1/1557189526.htm
1574001847,https://www.shopbop.com/capsule-top-staud/vp/v=1/1563360881.htm,https://www.shopbop.com/knack-pant-staud/vp/v=1/1574001847.htm,https://www.shopbop.com/natalia-thong-sandal-staud/vp/v=1/1510815690.htm,https://www.shopbop.com/link-hoops-rabanne/vp/v=1/1573130839.htm
1518481295,https://www.shopbop.com/callie-zip-hoodie-nili-lotan/vp/v=1/1578564205.htm,https://www.shopbop.com/tasha-cropped-tank-reformation/vp/v=1/1585853144.htm,https://www.shopbop.com/freecity-large-sweatpant/vp/v=1/1518481295.htm,https://www.shopbop.com/bullet-leather-sneaker-gola/vp/v=1/1504283882.htm
1565375256,https://www.shopbop.com/shirt-nothing-please/vp/v=1/1534949185.htm,https://www.shopbop.com/lisette-shirt-dl1961/vp/v=1/1565375256.htm,https://www.shopbop.com/taylor-ultra-high-rise-poplin/vp/v=1/1596989100.htm,https://www.shopbop.com/knot-pool-slide-emme-parsons/vp/v=1/1515023255.htm
1572273944,https://www.shopbop.com/shirt-brona-bash/vp/v=1/1572273944.htm,https://www.shopbop.com/lax-wide-jamie-haller/vp/v=1/1542364766.htm,https://www.shopbop.com/maddalena-capri-sandal-maria-luca/vp/v=1/1598391109.htm,https://www.shopbop.com/twisted-lilly-huggies-jennifer-fisher/vp/v=1/1522738981.htm
1551814716,https://www.shopbop.com/noah-shirt-xirena/vp/v=1/1551814716.htm,https://www.shopbop.com/carlyn-short-xirena/vp/v=1/1531542121.htm,https://www.shopbop.com/slim-boat-shoe-sperry/vp/v=1/1543572268.htm,https://www.shopbop.com/staple-hoops-small-jenny-bird/vp/v=1/1517401087.htm
1568932302,https://www.shopbop.com/noah-shirt-xirena/vp/v=1/1568932302.htm,https://www.shopbop.com/t249-khara-rib-scoop-tank/vp/v=1/1529029481.htm,https://www.shopbop.com/margot-top-faithfull-brand/vp/v=1/1576803033.htm,https://www.shopbop.com/pintucked-short-100-linen-madewell/vp/v=1/1545189479.htm
1575250168,https://www.shopbop.com/everything-shirt-sold-out-nyc/vp/v=1/1575250168.htm,https://www.shopbop.com/everything-short-sold-out-nyc/vp/v=1/1582949323.htm,https://www.shopbop.com/sonny-ankle-wrap-footbed-sandal/vp/v=1/1579745729.htm,https://www.shopbop.com/bubble-hoop-earring-by-adina/vp/v=1/1544556338.htm
1587499633,https://www.shopbop.com/della-shirt-birds-paradis/vp/v=1/1587499633.htm,https://www.shopbop.com/lucy-short-birds-paradis/vp/v=1/1519195626.htm,https://www.shopbop.com/pierced-slide-tory-burch/vp/v=1/1543874865.htm,https://www.shopbop.com/east-west-charm-tote-poolside/vp/v=1/1535207857.htm
1581849689,https://www.shopbop.com/boy-shirt-double-j/vp/v=1/1581849689.htm,https://www.shopbop.com/drawstring-pants-double-j/vp/v=1/1562800995.htm,https://www.shopbop.com/ripple-flat-sandal-simkhai/vp/v=1/1577322096.htm,https://www.shopbop.com/mini-everyday-mansur-gavriel/vp/v=1/1549386644.htm
1583083066,https://www.shopbop.com/sahara-shirt-aligne/vp/v=1/1583083066.htm,https://www.shopbop.com/jenny-jean-ligne/vp/v=1/1548442032.htm,https://www.shopbop.com/malta-flat-schutz/vp/v=1/1540902271.htm,https://www.shopbop.com/vinnie-mini-woven-crossbody-loeffler/vp/v=1/1571276533.htm
1580413439,https://www.shopbop.com/nico-shirt-birds-paradis/vp/v=1/1580413439.htm,https://www.shopbop.com/high-neck-fitted-tank-eterne/vp/v=1/1599940498.htm,https://www.shopbop.com/charlie-short-birds-paradis/vp/v=1/1508324166.htm,https://www.shopbop.com/lara-strappy-flat-sandal-ball/vp/v=1/1576983199.htm
1572228965,https://www.shopbop.com/birdie-shirt-hunter-bell/vp/v=1/1572228965.htm,https://www.shopbop.com/high-neck-fitted-tank-eterne/vp/v=1/1599940498.htm,https://www.shopbop.com/fern-short-hunter-bell/vp/v=1/1523764022.htm,https://www.shopbop.com/laurel-sandal-staud/vp/v=1/1514427161.htm
1552810849,https://www.shopbop.com/classic-shirt-camilla/vp/v=1/1552810849.htm,https://www.shopbop.com/tuck-front-short-camilla/vp/v=1/1592302364.htm,https://www.shopbop.com/nude-sandal-aquazzura/vp/v=1/1539574706.htm,https://www.shopbop.com/gina-cuff-shashi/vp/v=1/1578808784.htm
1540917234,https://www.shopbop.com/crosby-shirt-jamie-haller/vp/v=1/1540917234.htm,https://www.shopbop.com/emmi-short-agolde/vp/v=1/1500109957.htm,https://www.shopbop.com/freja-thong-kitten-heel-staud/vp/v=1/1584179162.htm,https://www.shopbop.com/woven-shoulder-bag-madewell/vp/v=1/1578334643.htm
1594058657,https://www.shopbop.com/classic-shirt-camilla/vp/v=1/1594058657.htm,https://www.shopbop.com/wide-leg-trouser-front-pockets/vp/v=1/1560099774.htm,https://www.shopbop.com/nude-sandal-aquazzura/vp/v=1/1539574706.htm,https://www.shopbop.com/gina-cuff-shashi/vp/v=1/1578808784.htm
1590427948,https://www.shopbop.com/addy-shirt-proenza-schouler/vp/v=1/1590427948.htm,https://www.shopbop.com/nylon-zipper-maxi-skirt-tibi/vp/v=1/1569678632.htm,https://www.shopbop.com/callie-veronica-beard/vp/v=1/1596952291.htm,https://www.shopbop.com/brant-bucket-bag-natural-linen/vp/v=1/1508402094.htm
1546018370,https://www.shopbop.com/rafaelle-shirt-garment/vp/v=1/1546018370.htm,https://www.shopbop.com/rafaelle-shorts-garment/vp/v=1/1571410924.htm,https://www.shopbop.com/knot-pool-slide-emme-parsons/vp/v=1/1515023255.htm,https://www.shopbop.com/bubble-hoop-earring-by-adina/vp/v=1/1544556338.htm
1550331569,https://www.shopbop.com/kappa-oversized-shirt-suzie-kondi/vp/v=1/1550331569.htm,https://www.shopbop.com/lax-wide-jamie-haller/vp/v=1/1542364766.htm,https://www.shopbop.com/square-toe-lily-flip-flop/vp/v=1/1564189314.htm,https://www.shopbop.com/oversized-soft-grain-shopper-madewell/vp/v=1/1538112514.htm
1504737788,https://www.shopbop.com/charm-miley-shirt-never-fully/vp/v=1/1504737788.htm,https://www.shopbop.com/malta-flat-schutz/vp/v=1/1540902271.htm,https://www.shopbop.com/timmy-shoulder-bag-staud/vp/v=1/1540592183.htm,https://www.shopbop.com/heart-fire-necklace-brinker-eliza/vp/v=1/1592839400.htm
1597845201,https://www.shopbop.com/aderes-shirt-veronica-beard-jean/vp/v=1/1597845201.htm,https://www.shopbop.com/wilder-short-veronica-beard-jean/vp/v=1/1594129376.htm,https://www.shopbop.com/penny-loafer-jamie-haller/vp/v=1/1539362619.htm,https://www.shopbop.com/lilly-huggies-jennifer-fisher/vp/v=1/1592718552.htm
1587260659,https://www.shopbop.com/a44f01-les-deux-shirt-coconut/vp/v=1/1587260659.htm,https://www.shopbop.com/a44j36-super-wide-coconut-abrand/vp/v=1/1533790834.htm,https://www.shopbop.com/freja-thong-kitten-heel-staud/vp/v=1/1584179162.htm,https://www.shopbop.com/owen-bag-staud/vp/v=1/1596786814.htm
1538864799,https://www.shopbop.com/trapunto-shirt-frame/vp/v=1/1538864799.htm,https://www.shopbop.com/rib-baby-tee-frame/vp/v=1/1510786120.htm,https://www.shopbop.com/trapunto-short-frame/vp/v=1/1542825253.htm,https://www.shopbop.com/penny-loafer-lth-jamie-haller/vp/v=1/1534135483.htm
1595674344,https://www.shopbop.com/jessie-shirt-xirena/vp/v=1/1595674344.htm,https://www.shopbop.com/dame-short-high-rise-baggy/vp/v=1/1541382159.htm,https://www.shopbop.com/laurel-sandal-staud/vp/v=1/1587434818.htm,https://www.shopbop.com/samira-huggies-jennifer-fisher/vp/v=1/1582149717.htm
1543615374,https://www.shopbop.com/workwear-jacket-lioness/vp/v=1/1556566012.htm,https://www.shopbop.com/beau-shirt-xirena/vp/v=1/1543615374.htm,https://www.shopbop.com/juliet-short-le-bop/vp/v=1/1566365596.htm,https://www.shopbop.com/spring-denim-triple-pleat-pant/vp/v=1/1544879062.htm
1509315528,https://www.shopbop.com/juneau-shirt-xirena/vp/v=1/1509315528.htm,https://www.shopbop.com/bella-hadid-cola-top-frankies/vp/v=1/1513987384.htm,https://www.shopbop.com/bella-hadid-dove-bottom-frankies/vp/v=1/1504071691.htm,https://www.shopbop.com/delphine-solitaire-ring-set-shashi/vp/v=1/1527127537.htm
1540076533,https://www.shopbop.com/baby-tee-joes-jeans/vp/v=1/1507024791.htm,https://www.shopbop.com/teodora-western-shirt-levis/vp/v=1/1540076533.htm,https://www.shopbop.com/marlow-long-short-citizens-humanity/vp/v=1/1524693551.htm,https://www.shopbop.com/duerto-isabel-marant/vp/v=1/1537556558.htm
1538579061,https://www.shopbop.com/parker-oversized-shirt-jenni-kayne/vp/v=1/1538579061.htm,https://www.shopbop.com/poppy-tank-scoop-neck-agolde/vp/v=1/1597261929.htm,https://www.shopbop.com/newport-trouser-jenni-kayne/vp/v=1/1513391299.htm,https://www.shopbop.com/seabird-flip-flops-beek/vp/v=1/1502184689.htm
1538571479,https://www.shopbop.com/t228-elle-rib-groups-tank/vp/v=1/1584113455.htm,https://www.shopbop.com/boyfriend-shirt-lioness/vp/v=1/1538571479.htm,https://www.shopbop.com/cobain-shorts-lioness/vp/v=1/1585058969.htm,https://www.shopbop.com/dolce-bandeau-bra-cosabella/vp/v=1/1599187416.htm
1562469275,https://www.shopbop.com/shiloh-trench-coat-line-dot/vp/v=1/1547459727.htm,https://www.shopbop.com/long-sleeve-tee-clare-v/vp/v=1/1588427153.htm,https://www.shopbop.com/emiliette-shirt-clare-v/vp/v=1/1562469275.htm,https://www.shopbop.com/spring-denim-triple-pleat-pant/vp/v=1/1544879062.htm
1508226806,https://www.shopbop.com/classic-menswear-theory/vp/v=1/1508226806.htm,https://www.shopbop.com/spring-denim-triple-pleat-pant/vp/v=1/1544879062.htm,https://www.shopbop.com/harris-calf-leather-moka-aeyde/vp/v=1/1567023155.htm,https://www.shopbop.com/mini-everyday-cabas-mansur-gavriel/vp/v=1/1567032983.htm
1552730828,https://www.shopbop.com/essential-shirt-jamie-haller/vp/v=1/1552730828.htm,https://www.shopbop.com/crop-rib-tank-amo/vp/v=1/1566835183.htm,https://www.shopbop.com/denim-pull-shorts-marnie-wash/vp/v=1/1500113561.htm,https://www.shopbop.com/lori-sporty-sandal-schutz/vp/v=1/1583012455.htm
1503518834,https://www.shopbop.com/cropped-everything-shirt-sold-out/vp/v=1/1503518834.htm,https://www.shopbop.com/taylor-ultra-high-rise-denim/vp/v=1/1570220726.htm,https://www.shopbop.com/harris-calf-leather-moka-aeyde/vp/v=1/1567023155.htm,https://www.shopbop.com/woven-shoulder-bag-madewell/vp/v=1/1578334643.htm
1578447016,https://www.shopbop.com/w214564-verona-crop-shirt-cotton/vp/v=1/1578447016.htm,https://www.shopbop.com/marlow-long-short-citizens-humanity/vp/v=1/1524693551.htm,https://www.shopbop.com/jack-two-band-sandal-loeffler/vp/v=1/1554794061.htm,https://www.shopbop.com/lune-hobo-aesther-ekme/vp/v=1/1505210624.htm
1520095873,https://www.shopbop.com/deconstucted-combo-trench-coat-monse/vp/v=1/1515694117.htm,https://www.shopbop.com/cascade-front-shirt-monse/vp/v=1/1520095873.htm,https://www.shopbop.com/serenity-bare-sandal-reformation/vp/v=1/1575705401.htm,https://www.shopbop.com/double-lilly-mini-hoops-jennifer/vp/v=1/1584309413.htm
1540530485,https://www.shopbop.com/crop-string-top-susana-monaco/vp/v=1/1581514448.htm,https://www.shopbop.com/lumiere-sporty-bra-bottom-oseree/vp/v=1/1566668171.htm,https://www.shopbop.com/lumiere-shade-shirt-oseree/vp/v=1/1540530485.htm,https://www.shopbop.com/lumiere-shade-pants-oseree/vp/v=1/1551706658.htm
1565375256,https://www.shopbop.com/shirt-nothing-please/vp/v=1/1534949185.htm,https://www.shopbop.com/lisette-shirt-dl1961/vp/v=1/1565375256.htm,https://www.shopbop.com/taylor-ultra-high-rise-poplin/vp/v=1/1596989100.htm,https://www.shopbop.com/knot-pool-slide-emme-parsons/vp/v=1/1515023255.htm
1572273944,https://www.shopbop.com/shirt-brona-bash/vp/v=1/1572273944.htm,https://www.shopbop.com/lax-wide-jamie-haller/vp/v=1/1542364766.htm,https://www.shopbop.com/maddalena-capri-sandal-maria-luca/vp/v=1/1598391109.htm,https://www.shopbop.com/twisted-lilly-huggies-jennifer-fisher/vp/v=1/1522738981.htm
1551814716,https://www.shopbop.com/noah-shirt-xirena/vp/v=1/1551814716.htm,https://www.shopbop.com/carlyn-short-xirena/vp/v=1/1531542121.htm,https://www.shopbop.com/slim-boat-shoe-sperry/vp/v=1/1543572268.htm,https://www.shopbop.com/staple-hoops-small-jenny-bird/vp/v=1/1517401087.htm
1568932302,https://www.shopbop.com/noah-shirt-xirena/vp/v=1/1568932302.htm,https://www.shopbop.com/t249-khara-rib-scoop-tank/vp/v=1/1529029481.htm,https://www.shopbop.com/margot-top-faithfull-brand/vp/v=1/1576803033.htm,https://www.shopbop.com/pintucked-short-100-linen-madewell/vp/v=1/1545189479.htm
1575250168,https://www.shopbop.com/everything-shirt-sold-out-nyc/vp/v=1/1575250168.htm,https://www.shopbop.com/everything-short-sold-out-nyc/vp/v=1/1582949323.htm,https://www.shopbop.com/sonny-ankle-wrap-footbed-sandal/vp/v=1/1579745729.htm,https://www.shopbop.com/bubble-hoop-earring-by-adina/vp/v=1/1544556338.htm
1587499633,https://www.shopbop.com/della-shirt-birds-paradis/vp/v=1/1587499633.htm,https://www.shopbop.com/lucy-short-birds-paradis/vp/v=1/1519195626.htm,https://www.shopbop.com/pierced-slide-tory-burch/vp/v=1/1543874865.htm,https://www.shopbop.com/east-west-charm-tote-poolside/vp/v=1/1535207857.htm
1581849689,https://www.shopbop.com/boy-shirt-double-j/vp/v=1/1581849689.htm,https://www.shopbop.com/drawstring-pants-double-j/vp/v=1/1562800995.htm,https://www.shopbop.com/ripple-flat-sandal-simkhai/vp/v=1/1577322096.htm,https://www.shopbop.com/mini-everyday-mansur-gavriel/vp/v=1/1549386644.htm
1583083066,https://www.shopbop.com/sahara-shirt-aligne/vp/v=1/1583083066.htm,https://www.shopbop.com/jenny-jean-ligne/vp/v=1/1548442032.htm,https://www.shopbop.com/malta-flat-schutz/vp/v=1/1540902271.htm,https://www.shopbop.com/vinnie-mini-woven-crossbody-loeffler/vp/v=1/1571276533.htm
1580413439,https://www.shopbop.com/nico-shirt-birds-paradis/vp/v=1/1580413439.htm,https://www.shopbop.com/high-neck-fitted-tank-eterne/vp/v=1/1599940498.htm,https://www.shopbop.com/charlie-short-birds-paradis/vp/v=1/1508324166.htm,https://www.shopbop.com/lara-strappy-flat-sandal-ball/vp/v=1/1576983199.htm
1572228965,https://www.shopbop.com/birdie-shirt-hunter-bell/vp/v=1/1572228965.htm,https://www.shopbop.com/high-neck-fitted-tank-eterne/vp/v=1/1599940498.htm,https://www.shopbop.com/fern-short-hunter-bell/vp/v=1/1523764022.htm,https://www.shopbop.com/laurel-sandal-staud/vp/v=1/1514427161.htm
1552810849,https://www.shopbop.com/classic-shirt-camilla/vp/v=1/1552810849.htm,https://www.shopbop.com/tuck-front-short-camilla/vp/v=1/1592302364.htm,https://www.shopbop.com/nude-sandal-aquazzura/vp/v=1/1539574706.htm,https://www.shopbop.com/gina-cuff-shashi/vp/v=1/1578808784.htm
1540917234,https://www.shopbop.com/crosby-shirt-jamie-haller/vp/v=1/1540917234.htm,https://www.shopbop.com/emmi-short-agolde/vp/v=1/1500109957.htm,https://www.shopbop.com/freja-thong-kitten-heel-staud/vp/v=1/1584179162.htm,https://www.shopbop.com/woven-shoulder-bag-madewell/vp/v=1/1578334643.htm
1594058657,https://www.shopbop.com/classic-shirt-camilla/vp/v=1/1594058657.htm,https://www.shopbop.com/wide-leg-trouser-front-pockets/vp/v=1/1560099774.htm,https://www.shopbop.com/nude-sandal-aquazzura/vp/v=1/1539574706.htm,https://www.shopbop.com/gina-cuff-shashi/vp/v=1/1578808784.htm
1590427948,https://www.shopbop.com/addy-shirt-proenza-schouler/vp/v=1/1590427948.htm,https://www.shopbop.com/nylon-zipper-maxi-skirt-tibi/vp/v=1/1569678632.htm,https://www.shopbop.com/callie-veronica-beard/vp/v=1/1596952291.htm,https://www.shopbop.com/brant-bucket-bag-natural-linen/vp/v=1/1508402094.htm
1546018370,https://www.shopbop.com/rafaelle-shirt-garment/vp/v=1/1546018370.htm,https://www.shopbop.com/rafaelle-shorts-garment/vp/v=1/1571410924.htm,https://www.shopbop.com/knot-pool-slide-emme-parsons/vp/v=1/1515023255.htm,https://www.shopbop.com/bubble-hoop-earring-by-adina/vp/v=1/1544556338.htm
1550331569,https://www.shopbop.com/kappa-oversized-shirt-suzie-kondi/vp/v=1/1550331569.htm,https://www.shopbop.com/lax-wide-jamie-haller/vp/v=1/1542364766.htm,https://www.shopbop.com/square-toe-lily-flip-flop/vp/v=1/1564189314.htm,https://www.shopbop.com/oversized-soft-grain-shopper-madewell/vp/v=1/1538112514.htm
1504737788,https://www.shopbop.com/charm-miley-shirt-never-fully/vp/v=1/1504737788.htm,https://www.shopbop.com/malta-flat-schutz/vp/v=1/1540902271.htm,https://www.shopbop.com/timmy-shoulder-bag-staud/vp/v=1/1540592183.htm,https://www.shopbop.com/heart-fire-necklace-brinker-eliza/vp/v=1/1592839400.htm
1597845201,https://www.shopbop.com/aderes-shirt-veronica-beard-jean/vp/v=1/1597845201.htm,https://www.shopbop.com/wilder-short-veronica-beard-jean/vp/v=1/1594129376.htm,https://www.shopbop.com/penny-loafer-jamie-haller/vp/v=1/1539362619.htm,https://www.shopbop.com/lilly-huggies-jennifer-fisher/vp/v=1/1592718552.htm
1587260659,https://www.shopbop.com/a44f01-les-deux-shirt-coconut/vp/v=1/1587260659.htm,https://www.shopbop.com/a44j36-super-wide-coconut-abrand/vp/v=1/1533790834.htm,https://www.shopbop.com/freja-thong-kitten-heel-staud/vp/v=1/1584179162.htm,https://www.shopbop.com/owen-bag-staud/vp/v=1/1596786814.htm
1538864799,https://www.shopbop.com/trapunto-shirt-frame/vp/v=1/1538864799.htm,https://www.shopbop.com/rib-baby-tee-frame/vp/v=1/1510786120.htm,https://www.shopbop.com/trapunto-short-frame/vp/v=1/1542825253.htm,https://www.shopbop.com/penny-loafer-lth-jamie-haller/vp/v=1/1534135483.htm
1595674344,https://www.shopbop.com/jessie-shirt-xirena/vp/v=1/1595674344.htm,https://www.shopbop.com/dame-short-high-rise-baggy/vp/v=1/1541382159.htm,https://www.shopbop.com/laurel-sandal-staud/vp/v=1/1587434818.htm,https://www.shopbop.com/samira-huggies-jennifer-fisher/vp/v=1/1582149717.htm
1543615374,https://www.shopbop.com/workwear-jacket-lioness/vp/v=1/1556566012.htm,https://www.shopbop.com/beau-shirt-xirena/vp/v=1/1543615374.htm,https://www.shopbop.com/juliet-short-le-bop/vp/v=1/1566365596.htm,https://www.shopbop.com/spring-denim-triple-pleat-pant/vp/v=1/1544879062.htm
1509315528,https://www.shopbop.com/juneau-shirt-xirena/vp/v=1/1509315528.htm,https://www.shopbop.com/bella-hadid-cola-top-frankies/vp/v=1/1513987384.htm,https://www.shopbop.com/bella-hadid-dove-bottom-frankies/vp/v=1/1504071691.htm,https://www.shopbop.com/delphine-solitaire-ring-set-shashi/vp/v=1/1527127537.htm
1540076533,https://www.shopbop.com/baby-tee-joes-jeans/vp/v=1/1507024791.htm,https://www.shopbop.com/teodora-western-shirt-levis/vp/v=1/1540076533.htm,https://www.shopbop.com/marlow-long-short-citizens-humanity/vp/v=1/1524693551.htm,https://www.shopbop.com/duerto-isabel-marant/vp/v=1/1537556558.htm
1538579061,https://www.shopbop.com/parker-oversized-shirt-jenni-kayne/vp/v=1/1538579061.htm,https://www.shopbop.com/poppy-tank-scoop-neck-agolde/vp/v=1/1597261929.htm,https://www.shopbop.com/newport-trouser-jenni-kayne/vp/v=1/1513391299.htm,https://www.shopbop.com/seabird-flip-flops-beek/vp/v=1/1502184689.htm
1538571479,https://www.shopbop.com/t228-elle-rib-groups-tank/vp/v=1/1584113455.htm,https://www.shopbop.com/boyfriend-shirt-lioness/vp/v=1/1538571479.htm,https://www.shopbop.com/cobain-shorts-lioness/vp/v=1/1585058969.htm,https://www.shopbop.com/dolce-bandeau-bra-cosabella/vp/v=1/1599187416.htm
1562469275,https://www.shopbop.com/shiloh-trench-coat-line-dot/vp/v=1/1547459727.htm,https://www.shopbop.com/long-sleeve-tee-clare-v/vp/v=1/1588427153.htm,https://www.shopbop.com/emiliette-shirt-clare-v/vp/v=1/1562469275.htm,https://www.shopbop.com/spring-denim-triple-pleat-pant/vp/v=1/1544879062.htm
1508226806,https://www.shopbop.com/classic-menswear-theory/vp/v=1/1508226806.htm,https://www.shopbop.com/spring-denim-triple-pleat-pant/vp/v=1/1544879062.htm,https://www.shopbop.com/harris-calf-leather-moka-aeyde/vp/v=1/1567023155.htm,https://www.shopbop.com/mini-everyday-cabas-mansur-gavriel/vp/v=1/1567032983.htm
1552730828,https://www.shopbop.com/essential-shirt-jamie-haller/vp/v=1/1552730828.htm,https://www.shopbop.com/crop-rib-tank-amo/vp/v=1/1566835183.htm,https://www.shopbop.com/denim-pull-shorts-marnie-wash/vp/v=1/1500113561.htm,https://www.shopbop.com/lori-sporty-sandal-schutz/vp/v=1/1583012455.htm
1543704768,https://www.shopbop.com/day-trip-dress-show-me/vp/v=1/1543704768.htm,https://www.shopbop.com/tierra-woven-heel-kaanas/vp/v=1/1599773094.htm,https://www.shopbop.com/staple-hoops-large-jenny-bird/vp/v=1/1502519275.htm,https://www.shopbop.com/eyebrow-gel-skin-by-ella/vp/v=1/1551704170.htm
1585846492,https://www.shopbop.com/docila-dress-loveshackfancy/vp/v=1/1585846492.htm,https://www.shopbop.com/felicity-espadrille-sandal-stuart-weitzman/vp/v=1/1525436351.htm,https://www.shopbop.com/penelope-petite-rattan-alexis/vp/v=1/1574147687.htm,https://www.shopbop.com/sofia-necklace-silver-pearl-by/vp/v=1/1520530832.htm
1525007941,https://www.shopbop.com/malibu-linen-dress-reformation/vp/v=1/1525007941.htm,https://www.shopbop.com/serenity-bare-sandal-reformation/vp/v=1/1575705401.htm,https://www.shopbop.com/eliza-puffs-jenny-bird/vp/v=1/1507862748.htm,https://www.shopbop.com/hold-soft-set-creamy-brow/vp/v=1/1503382045.htm
1543194254,https://www.shopbop.com/long-dress-hemant-nandita/vp/v=1/1543194254.htm,https://www.shopbop.com/diwo-neous/vp/v=1/1506701034.htm,https://www.shopbop.com/h25s6010po-staud/vp/v=1/1537977285.htm,https://www.shopbop.com/clarabel-earrings-jennifer-behr/vp/v=1/1567225109.htm
1527168483,https://www.shopbop.com/hibernate-ruffle-mini-dress-essentiel/vp/v=1/1527168483.htm,https://www.shopbop.com/hilda-sandals-anine-bing/vp/v=1/1597082688.htm,https://www.shopbop.com/celeste-mega-necklace-jenny-bird/vp/v=1/1521339063.htm,https://www.shopbop.com/humidifying-cream-humanrace/vp/v=1/1568742875.htm
1556660616,https://www.shopbop.com/loulou-knit-dress-retrofte/vp/v=1/1556660616.htm,https://www.shopbop.com/georgie-100-stuart-weitzman/vp/v=1/1567528375.htm,https://www.shopbop.com/shaped-pierced-earring-kenneth-jay/vp/v=1/1508994092.htm,https://www.shopbop.com/briogeo-superfoods-banana-coconut-hydr/vp/v=1/1503048855.htm
1593394122,https://www.shopbop.com/serima-dress-loveshackfancy/vp/v=1/1593394122.htm,https://www.shopbop.com/grace-gia-borghini/vp/v=1/1561083705.htm,https://www.shopbop.com/delphine-solitaire-ring-set-shashi/vp/v=1/1527127537.htm,https://www.shopbop.com/diana-earrings-li-studio/vp/v=1/1509999829.htm
1518918920,https://www.shopbop.com/brittany-midi-dress-ros-garden/vp/v=1/1518918920.htm,https://www.shopbop.com/freja-thong-kitten-heel-staud/vp/v=1/1584179162.htm,https://www.shopbop.com/timmy-shoulder-bag-staud/vp/v=1/1540592183.htm,https://www.shopbop.com/tiana-bangle-set-baublebar/vp/v=1/1518395700.htm
1597713460,https://www.shopbop.com/brooke-dress-retrofte/vp/v=1/1597713460.htm,https://www.shopbop.com/inez-mule-schutz/vp/v=1/1562402637.htm,https://www.shopbop.com/robinson-spazzolato-top-handle-chain/vp/v=1/1578375903.htm,https://www.shopbop.com/croissant-hoops-brinker-eliza/vp/v=1/1538780771.htm
1591064584,https://www.shopbop.com/zoey-stripe-maxi-dress-rag/vp/v=1/1591064584.htm,https://www.shopbop.com/freja-thong-kitten-heel-staud/vp/v=1/1584179162.htm,https://www.shopbop.com/gaia-shoulder-bag-mansur-gavriel/vp/v=1/1503427882.htm,https://www.shopbop.com/shaped-pierced-earring-kenneth-jay/vp/v=1/1508994092.htm
1581812439,https://www.shopbop.com/daphne-dress-cala-cruz/vp/v=1/1581812439.htm,https://www.shopbop.com/ada-sandal-cult-gaia/vp/v=1/1516010935.htm,https://www.shopbop.com/bubble-hoop-earring-by-adina/vp/v=1/1544556338.htm,https://www.shopbop.com/olga-bracelet-li-studio/vp/v=1/1579643305.htm
1598572827,https://www.shopbop.com/mini-bias-dress-hemant-nandita/vp/v=1/1598572827.htm,https://www.shopbop.com/sloane-heel-staud/vp/v=1/1585881101.htm,https://www.shopbop.com/lisse-clutch-cult-gaia/vp/v=1/1593649487.htm,https://www.shopbop.com/delphine-solitaire-ring-set-shashi/vp/v=1/1527127537.htm
1504992076,https://www.shopbop.com/alonna-dress-loveshackfancy/vp/v=1/1504992076.htm,https://www.shopbop.com/zoey-slingback-heels-bone-crinkled/vp/v=1/1561115919.htm,https://www.shopbop.com/banks-earrings-gorjana/vp/v=1/1517837737.htm,https://www.shopbop.com/emerald-baguette-necklace-shashi/vp/v=1/1597899820.htm
1504581323,https://www.shopbop.com/zima-dress-loveshackfancy/vp/v=1/1504581323.htm,https://www.shopbop.com/caprice-heel-tony-bianco/vp/v=1/1560654544.htm,https://www.shopbop.com/penelope-petite-rattan-alexis/vp/v=1/1574147687.htm,https://www.shopbop.com/pearl-pdt-layer-argento-vivo/vp/v=1/1589973751.htm
1517105189,https://www.shopbop.com/bari-dress-staud/vp/v=1/1517105189.htm,https://www.shopbop.com/alba-ballet-staud/vp/v=1/1529094490.htm,https://www.shopbop.com/mini-shirley-leather-bag-staud/vp/v=1/1587862515.htm,https://www.shopbop.com/seashell-coil-studs-luv-aj/vp/v=1/1537333071.htm
1547704588,https://www.shopbop.com/one-shoulder-long-dress-hemant/vp/v=1/1547704588.htm,https://www.shopbop.com/bari-mid-sandal-schutz/vp/v=1/1529344723.htm,https://www.shopbop.com/montauk-bucket-poolside-bags/vp/v=1/1522718022.htm,https://www.shopbop.com/ashton-cuff-baublebar/vp/v=1/1515553181.htm
1586443610,https://www.shopbop.com/agnezca-maxi-apiece-apart/vp/v=1/1586443610.htm,https://www.shopbop.com/gypso-isabel-marant/vp/v=1/1576806663.htm,https://www.shopbop.com/mythical-ship-mini-bucket-bag/vp/v=1/1598914119.htm,https://www.shopbop.com/alma-ring-li-studio/vp/v=1/1525439170.htm
1595541101,https://www.shopbop.com/prescott-dress-amanda-uprichard/vp/v=1/1595541101.htm,https://www.shopbop.com/hilda-sandals-anine-bing/vp/v=1/1597082688.htm,https://www.shopbop.com/indented-curved-wide-bangle-bracelet/vp/v=1/1552597549.htm,https://www.shopbop.com/lucy-williams-chunky-entwine-small/vp/v=1/1593669549.htm
1592668953,https://www.shopbop.com/barton-dress-tanya-taylor/vp/v=1/1592668953.htm,https://www.shopbop.com/ada-sandal-cult-gaia/vp/v=1/1516010935.htm,https://www.shopbop.com/bios-micro-weaved-themoire/vp/v=1/1560618552.htm,https://www.shopbop.com/ellis-earrings-eliou/vp/v=1/1595174153.htm
1570071226,https://www.shopbop.com/maxi-dress-hemant-nandita/vp/v=1/1570071226.htm,https://www.shopbop.com/ada-sandal-cult-gaia/vp/v=1/1516010935.htm,https://www.shopbop.com/sloane-raffia-frame-clutch-alexis/vp/v=1/1568742120.htm,https://www.shopbop.com/croissant-hoops-brinker-eliza/vp/v=1/1538780771.htm
1531199278,https://www.shopbop.com/long-dress-chiara-poupette-st/vp/v=1/1531199278.htm,https://www.shopbop.com/ring-sandal-tory-burch/vp/v=1/1538628903.htm,https://www.shopbop.com/large-raffia-moon-tote-bag/vp/v=1/1545725045.htm,https://www.shopbop.com/tiana-bangle-set-baublebar/vp/v=1/1518395700.htm
1570104500,https://www.shopbop.com/dum19ae25-american-vintage/vp/v=1/1580145532.htm,https://www.shopbop.com/fitted-sheath-dress-rosetta-getty/vp/v=1/1570104500.htm,https://www.shopbop.com/patos-mesh-flat-tory-burch/vp/v=1/1524926078.htm,https://www.shopbop.com/hammered-arch-cuff-bracelet-lelet/vp/v=1/1538253268.htm
1552252522,https://www.shopbop.com/albee-dress-staud/vp/v=1/1552252522.htm,https://www.shopbop.com/sebastion-slingback-staud/vp/v=1/1532276761.htm,https://www.shopbop.com/gaia-shoulder-bag-mansur-gavriel/vp/v=1/1509154260.htm,https://www.shopbop.com/lilly-huggies-jennifer-fisher/vp/v=1/1592718552.htm
1559010095,https://www.shopbop.com/thistle-halter-mini-dress-sir/vp/v=1/1559010095.htm,https://www.shopbop.com/sloane-heel-staud/vp/v=1/1585881101.htm,https://www.shopbop.com/timmy-shoulder-bag-staud/vp/v=1/1540592183.htm,https://www.shopbop.com/shaped-pierced-earring-kenneth-jay/vp/v=1/1508994092.htm
1500437037,https://www.shopbop.com/kendria-dress-cinq-sept/vp/v=1/1500437037.htm,https://www.shopbop.com/vernon-loafer-madewell/vp/v=1/1535778159.htm,https://www.shopbop.com/haven-earrings-jennifer-zeuner-jewelry/vp/v=1/1540314000.htm,https://www.shopbop.com/briogeo-superfoods-banana-coconut-hydr/vp/v=1/1503048855.htm
1597183497,https://www.shopbop.com/poppy-dress-alc/vp/v=1/1597183497.htm,https://www.shopbop.com/kia-sandals-sam-edelman/vp/v=1/1528425376.htm,https://www.shopbop.com/shaped-pierced-earring-kenneth-jay/vp/v=1/1508994092.htm,https://www.shopbop.com/alegra-cuff-eliou/vp/v=1/1504710391.htm
1541106728,https://www.shopbop.com/linen-dress-madewell/vp/v=1/1541106728.htm,https://www.shopbop.com/maddalena-capri-sandal-maria-luca/vp/v=1/1598391109.htm,https://www.shopbop.com/franci-bag-red-stripe-bembien/vp/v=1/1598353427.htm,https://www.shopbop.com/twisted-lilly-huggies-jennifer-fisher/vp/v=1/1522738981.htm
1547296252,https://www.shopbop.com/camille-cropped-linen-top-le/vp/v=1/1594321899.htm,https://www.shopbop.com/crochet-flower-tea-dress-pitusa/vp/v=1/1547296252.htm,https://www.shopbop.com/brigitte-mule-staud/vp/v=1/1533989936.htm,https://www.shopbop.com/raffia-lopsy-bag-simonmiller/vp/v=1/1554851906.htm
1573952086,https://www.shopbop.com/shai-dress-reformation/vp/v=1/1573952086.htm,https://www.shopbop.com/serenity-bare-sandal-reformation/vp/v=1/1575705401.htm,https://www.shopbop.com/bonbon-bag-mansur-gavriel/vp/v=1/1509665281.htm,https://www.shopbop.com/ellis-earrings-eliou/vp/v=1/1595174153.htm
1505229189,https://www.shopbop.com/reeta-midi-dress-line-dot/vp/v=1/1505229189.htm,https://www.shopbop.com/tierra-woven-heel-kaanas/vp/v=1/1599773094.htm,https://www.shopbop.com/twisted-lilly-huggies-jennifer-fisher/vp/v=1/1522738981.htm,https://www.shopbop.com/briogeo-superfoods-banana-coconut-hydr/vp/v=1/1503048855.htm
1573509233,https://www.shopbop.com/bubble-hem-mini-shirtdress-pinstripe/vp/v=1/1573509233.htm,https://www.shopbop.com/dance-mary-jane-mansur-gavriel/vp/v=1/1540188423.htm,https://www.shopbop.com/mini-everyday-cabas-mansur-gavriel/vp/v=1/1567032983.htm,https://www.shopbop.com/delphine-solitaire-ring-set-shashi/vp/v=1/1527127537.htm
1595561577,https://www.shopbop.com/exclusive-dress-farm-rio/vp/v=1/1595561577.htm,https://www.shopbop.com/irving-heeled-sandal-aemery/vp/v=1/1529529876.htm,https://www.shopbop.com/mini-woven-shopper-hunting-season/vp/v=1/1534850678.htm,https://www.shopbop.com/humidifying-cream-humanrace/vp/v=1/1568742875.htm
1570837706,https://www.shopbop.com/everett-linen-dress-reformation/vp/v=1/1570837706.htm,https://www.shopbop.com/brigitte-mule-staud/vp/v=1/1533989936.htm,https://www.shopbop.com/mini-cloud-clutch-mansur-gavriel/vp/v=1/1594650758.htm,https://www.shopbop.com/gold-seashell-pierced-earring-kenneth/vp/v=1/1566001575.htm
1557714944,https://www.shopbop.com/sirrina-dress-cinq-sept/vp/v=1/1557714944.htm,https://www.shopbop.com/triana-strappy-mid-heel-sandal/vp/v=1/1533125451.htm,https://www.shopbop.com/gaia-shoulder-bag-mansur-gavriel/vp/v=1/1503427882.htm,https://www.shopbop.com/curl-crme-ouai/vp/v=1/1566955141.htm
1543704768,https://www.shopbop.com/day-trip-dress-show-me/vp/v=1/1543704768.htm,https://www.shopbop.com/tierra-woven-heel-kaanas/vp/v=1/1599773094.htm,https://www.shopbop.com/staple-hoops-large-jenny-bird/vp/v=1/1502519275.htm,https://www.shopbop.com/eyebrow-gel-skin-by-ella/vp/v=1/1551704170.htm
1585846492,https://www.shopbop.com/docila-dress-loveshackfancy/vp/v=1/1585846492.htm,https://www.shopbop.com/felicity-espadrille-sandal-stuart-weitzman/vp/v=1/1525436351.htm,https://www.shopbop.com/penelope-petite-rattan-alexis/vp/v=1/1574147687.htm,https://www.shopbop.com/sofia-necklace-silver-pearl-by/vp/v=1/1520530832.htm
1525007941,https://www.shopbop.com/malibu-linen-dress-reformation/vp/v=1/1525007941.htm,https://www.shopbop.com/serenity-bare-sandal-reformation/vp/v=1/1575705401.htm,https://www.shopbop.com/eliza-puffs-jenny-bird/vp/v=1/1507862748.htm,https://www.shopbop.com/hold-soft-set-creamy-brow/vp/v=1/1503382045.htm
1543194254,https://www.shopbop.com/long-dress-hemant-nandita/vp/v=1/1543194254.htm,https://www.shopbop.com/diwo-neous/vp/v=1/1506701034.htm,https://www.shopbop.com/h25s6010po-staud/vp/v=1/1537977285.htm,https://www.shopbop.com/clarabel-earrings-jennifer-behr/vp/v=1/1567225109.htm
1527168483,https://www.shopbop.com/hibernate-ruffle-mini-dress-essentiel/vp/v=1/1527168483.htm,https://www.shopbop.com/hilda-sandals-anine-bing/vp/v=1/1597082688.htm,https://www.shopbop.com/celeste-mega-necklace-jenny-bird/vp/v=1/1521339063.htm,https://www.shopbop.com/humidifying-cream-humanrace/vp/v=1/1568742875.htm
1556660616,https://www.shopbop.com/loulou-knit-dress-retrofte/vp/v=1/1556660616.htm,https://www.shopbop.com/georgie-100-stuart-weitzman/vp/v=1/1567528375.htm,https://www.shopbop.com/shaped-pierced-earring-kenneth-jay/vp/v=1/1508994092.htm,https://www.shopbop.com/briogeo-superfoods-banana-coconut-hydr/vp/v=1/1503048855.htm
1593394122,https://www.shopbop.com/serima-dress-loveshackfancy/vp/v=1/1593394122.htm,https://www.shopbop.com/grace-gia-borghini/vp/v=1/1561083705.htm,https://www.shopbop.com/delphine-solitaire-ring-set-shashi/vp/v=1/1527127537.htm,https://www.shopbop.com/diana-earrings-li-studio/vp/v=1/1509999829.htm
1518918920,https://www.shopbop.com/brittany-midi-dress-ros-garden/vp/v=1/1518918920.htm,https://www.shopbop.com/freja-thong-kitten-heel-staud/vp/v=1/1584179162.htm,https://www.shopbop.com/timmy-shoulder-bag-staud/vp/v=1/1540592183.htm,https://www.shopbop.com/tiana-bangle-set-baublebar/vp/v=1/1518395700.htm
1597713460,https://www.shopbop.com/brooke-dress-retrofte/vp/v=1/1597713460.htm,https://www.shopbop.com/inez-mule-schutz/vp/v=1/1562402637.htm,https://www.shopbop.com/robinson-spazzolato-top-handle-chain/vp/v=1/1578375903.htm,https://www.shopbop.com/croissant-hoops-brinker-eliza/vp/v=1/1538780771.htm
1591064584,https://www.shopbop.com/zoey-stripe-maxi-dress-rag/vp/v=1/1591064584.htm,https://www.shopbop.com/freja-thong-kitten-heel-staud/vp/v=1/1584179162.htm,https://www.shopbop.com/gaia-shoulder-bag-mansur-gavriel/vp/v=1/1503427882.htm,https://www.shopbop.com/shaped-pierced-earring-kenneth-jay/vp/v=1/1508994092.htm
1581812439,https://www.shopbop.com/daphne-dress-cala-cruz/vp/v=1/1581812439.htm,https://www.shopbop.com/ada-sandal-cult-gaia/vp/v=1/1516010935.htm,https://www.shopbop.com/bubble-hoop-earring-by-adina/vp/v=1/1544556338.htm,https://www.shopbop.com/olga-bracelet-li-studio/vp/v=1/1579643305.htm
1598572827,https://www.shopbop.com/mini-bias-dress-hemant-nandita/vp/v=1/1598572827.htm,https://www.shopbop.com/sloane-heel-staud/vp/v=1/1585881101.htm,https://www.shopbop.com/lisse-clutch-cult-gaia/vp/v=1/1593649487.htm,https://www.shopbop.com/delphine-solitaire-ring-set-shashi/vp/v=1/1527127537.htm
1504992076,https://www.shopbop.com/alonna-dress-loveshackfancy/vp/v=1/1504992076.htm,https://www.shopbop.com/zoey-slingback-heels-bone-crinkled/vp/v=1/1561115919.htm,https://www.shopbop.com/banks-earrings-gorjana/vp/v=1/1517837737.htm,https://www.shopbop.com/emerald-baguette-necklace-shashi/vp/v=1/1597899820.htm
1504581323,https://www.shopbop.com/zima-dress-loveshackfancy/vp/v=1/1504581323.htm,https://www.shopbop.com/caprice-heel-tony-bianco/vp/v=1/1560654544.htm,https://www.shopbop.com/penelope-petite-rattan-alexis/vp/v=1/1574147687.htm,https://www.shopbop.com/pearl-pdt-layer-argento-vivo/vp/v=1/1589973751.htm
1517105189,https://www.shopbop.com/bari-dress-staud/vp/v=1/1517105189.htm,https://www.shopbop.com/alba-ballet-staud/vp/v=1/1529094490.htm,https://www.shopbop.com/mini-shirley-leather-bag-staud/vp/v=1/1587862515.htm,https://www.shopbop.com/seashell-coil-studs-luv-aj/vp/v=1/1537333071.htm
1547704588,https://www.shopbop.com/one-shoulder-long-dress-hemant/vp/v=1/1547704588.htm,https://www.shopbop.com/bari-mid-sandal-schutz/vp/v=1/1529344723.htm,https://www.shopbop.com/montauk-bucket-poolside-bags/vp/v=1/1522718022.htm,https://www.shopbop.com/ashton-cuff-baublebar/vp/v=1/1515553181.htm
1586443610,https://www.shopbop.com/agnezca-maxi-apiece-apart/vp/v=1/1586443610.htm,https://www.shopbop.com/gypso-isabel-marant/vp/v=1/1576806663.htm,https://www.shopbop.com/mythical-ship-mini-bucket-bag/vp/v=1/1598914119.htm,https://www.shopbop.com/alma-ring-li-studio/vp/v=1/1525439170.htm
1595541101,https://www.shopbop.com/prescott-dress-amanda-uprichard/vp/v=1/1595541101.htm,https://www.shopbop.com/hilda-sandals-anine-bing/vp/v=1/1597082688.htm,https://www.shopbop.com/indented-curved-wide-bangle-bracelet/vp/v=1/1552597549.htm,https://www.shopbop.com/lucy-williams-chunky-entwine-small/vp/v=1/1593669549.htm
1592668953,https://www.shopbop.com/barton-dress-tanya-taylor/vp/v=1/1592668953.htm,https://www.shopbop.com/ada-sandal-cult-gaia/vp/v=1/1516010935.htm,https://www.shopbop.com/bios-micro-weaved-themoire/vp/v=1/1560618552.htm,https://www.shopbop.com/ellis-earrings-eliou/vp/v=1/1595174153.htm
1570071226,https://www.shopbop.com/maxi-dress-hemant-nandita/vp/v=1/1570071226.htm,https://www.shopbop.com/ada-sandal-cult-gaia/vp/v=1/1516010935.htm,https://www.shopbop.com/sloane-raffia-frame-clutch-alexis/vp/v=1/1568742120.htm,https://www.shopbop.com/croissant-hoops-brinker-eliza/vp/v=1/1538780771.htm
1531199278,https://www.shopbop.com/long-dress-chiara-poupette-st/vp/v=1/1531199278.htm,https://www.shopbop.com/ring-sandal-tory-burch/vp/v=1/1538628903.htm,https://www.shopbop.com/large-raffia-moon-tote-bag/vp/v=1/1545725045.htm,https://www.shopbop.com/tiana-bangle-set-baublebar/vp/v=1/1518395700.htm
1570104500,https://www.shopbop.com/dum19ae25-american-vintage/vp/v=1/1580145532.htm,https://www.shopbop.com/fitted-sheath-dress-rosetta-getty/vp/v=1/1570104500.htm,https://www.shopbop.com/patos-mesh-flat-tory-burch/vp/v=1/1524926078.htm,https://www.shopbop.com/hammered-arch-cuff-bracelet-lelet/vp/v=1/1538253268.htm
1552252522,https://www.shopbop.com/albee-dress-staud/vp/v=1/1552252522.htm,https://www.shopbop.com/sebastion-slingback-staud/vp/v=1/1532276761.htm,https://www.shopbop.com/gaia-shoulder-bag-mansur-gavriel/vp/v=1/1509154260.htm,https://www.shopbop.com/lilly-huggies-jennifer-fisher/vp/v=1/1592718552.htm
1559010095,https://www.shopbop.com/thistle-halter-mini-dress-sir/vp/v=1/1559010095.htm,https://www.shopbop.com/sloane-heel-staud/vp/v=1/1585881101.htm,https://www.shopbop.com/timmy-shoulder-bag-staud/vp/v=1/1540592183.htm,https://www.shopbop.com/shaped-pierced-earring-kenneth-jay/vp/v=1/1508994092.htm
1500437037,https://www.shopbop.com/kendria-dress-cinq-sept/vp/v=1/1500437037.htm,https://www.shopbop.com/vernon-loafer-madewell/vp/v=1/1535778159.htm,https://www.shopbop.com/haven-earrings-jennifer-zeuner-jewelry/vp/v=1/1540314000.htm,https://www.shopbop.com/briogeo-superfoods-banana-coconut-hydr/vp/v=1/1503048855.htm
1597183497,https://www.shopbop.com/poppy-dress-alc/vp/v=1/1597183497.htm,https://www.shopbop.com/kia-sandals-sam-edelman/vp/v=1/1528425376.htm,https://www.shopbop.com/shaped-pierced-earring-kenneth-jay/vp/v=1/1508994092.htm,https://www.shopbop.com/alegra-cuff-eliou/vp/v=1/1504710391.htm
1541106728,https://www.shopbop.com/linen-dress-madewell/vp/v=1/1541106728.htm,https://www.shopbop.com/maddalena-capri-sandal-maria-luca/vp/v=1/1598391109.htm,https://www.shopbop.com/franci-bag-red-stripe-bembien/vp/v=1/1598353427.htm,https://www.shopbop.com/twisted-lilly-huggies-jennifer-fisher/vp/v=1/1522738981.htm
1547296252,https://www.shopbop.com/camille-cropped-linen-top-le/vp/v=1/1594321899.htm,https://www.shopbop.com/crochet-flower-tea-dress-pitusa/vp/v=1/1547296252.htm,https://www.shopbop.com/brigitte-mule-staud/vp/v=1/1533989936.htm,https://www.shopbop.com/raffia-lopsy-bag-simonmiller/vp/v=1/1554851906.htm
1584113093,https://www.shopbop.com/upcycled-denim-off-shoulder-jacket/vp/v=1/1584113093.htm,https://www.shopbop.com/wide-leg-pant-awake-mode/vp/v=1/1577568260.htm,https://www.shopbop.com/caprice-heel-tony-bianco/vp/v=1/1505263643.htm,https://www.shopbop.com/colorblur-glow-balm-goop/vp/v=1/1587855682.htm
1597390178,https://www.shopbop.com/kumiko-jacket-cinq-sept/vp/v=1/1597390178.htm,https://www.shopbop.com/crop-rib-tank-amo/vp/v=1/1566835183.htm,https://www.shopbop.com/ruffle-nitsan-parachute-pant-cinq/vp/v=1/1587704551.htm,https://www.shopbop.com/harlyn-toe-ring-sandal-sam/vp/v=1/1568884163.htm
1572561878,https://www.shopbop.com/billie-belted-leather-jacket-lagence/vp/v=1/1572561878.htm,https://www.shopbop.com/ribbed-tank-wardrobenyc/vp/v=1/1520163404.htm,https://www.shopbop.com/lax-wide-jamie-haller/vp/v=1/1542364766.htm,https://www.shopbop.com/narumi-neous/vp/v=1/1548934426.htm
1531270852,https://www.shopbop.com/patchwork-camo-ripstop-cinched-utility/vp/v=1/1531270852.htm,https://www.shopbop.com/daisy-tony-bianco/vp/v=1/1567702013.htm,https://www.shopbop.com/gemma-hoops-jenny-bird/vp/v=1/1581919492.htm,https://www.shopbop.com/colorblur-glow-balm-goop/vp/v=1/1587855682.htm
1529886015,https://www.shopbop.com/gilian-blazer-garment/vp/v=1/1529886015.htm,https://www.shopbop.com/gilian-pants-garment/vp/v=1/1515452983.htm,https://www.shopbop.com/inez-mule-schutz/vp/v=1/1562402637.htm,https://www.shopbop.com/eliza-puffs-jenny-bird/vp/v=1/1545217473.htm
1556566012,https://www.shopbop.com/workwear-jacket-lioness/vp/v=1/1556566012.htm,https://www.shopbop.com/ultraviolet-dress-free-people/vp/v=1/1576309483.htm,https://www.shopbop.com/sloane-heel-staud/vp/v=1/1585881101.htm,https://www.shopbop.com/gaia-shoulder-bag-mansur-gavriel/vp/v=1/1554709821.htm
1578043974,https://www.shopbop.com/palermo-blazer-lioness/vp/v=1/1578043974.htm,https://www.shopbop.com/christy-loafers-sam-edelman/vp/v=1/1529520488.htm,https://www.shopbop.com/gold-medium-chubby-hoop-earrings/vp/v=1/1583332739.htm,https://www.shopbop.com/forget-filler-overnight-lip-plumping/vp/v=1/1580173186.htm
1594407782,https://www.shopbop.com/kenny-woven-bomber-lioness/vp/v=1/1594407782.htm,https://www.shopbop.com/a42f03-90s-icon-scoop-neck/vp/v=1/1571024419.htm,https://www.shopbop.com/sofie-high-rise-ankle-wide/vp/v=1/1559292888.htm,https://www.shopbop.com/gloria-heeled-sandal-larroude/vp/v=1/1517259927.htm
1567625863,https://www.shopbop.com/beau-blazer-aligne/vp/v=1/1567625863.htm,https://www.shopbop.com/petina-atp-atelier/vp/v=1/1532154134.htm,https://www.shopbop.com/lilly-huggies-jennifer-fisher/vp/v=1/1592718552.htm,https://www.shopbop.com/set-tube-rings-timeless-pearly/vp/v=1/1530831337.htm
1520859390,https://www.shopbop.com/beau-blazer-aligne/vp/v=1/1520859390.htm,https://www.shopbop.com/brie-jean-blue-depths-anine/vp/v=1/1550926570.htm,https://www.shopbop.com/lidia-mule-heel-paris-texas/vp/v=1/1574675441.htm,https://www.shopbop.com/small-veronica-beard-slouch-shoulder/vp/v=1/1506903504.htm
1553150783,https://www.shopbop.com/madi-contrast-collar-jacket-aligne/vp/v=1/1553150783.htm,https://www.shopbop.com/springsteen-supima-cotton-baby-tee/vp/v=1/1520734254.htm,https://www.shopbop.com/manon-jean-mazarine-blue-anine/vp/v=1/1571846761.htm,https://www.shopbop.com/julie-loafer-aeyde/vp/v=1/1567849195.htm
1516837139,https://www.shopbop.com/essential-bomber-lioness/vp/v=1/1516837139.htm,https://www.shopbop.com/camino-top-z-supply/vp/v=1/1574278130.htm,https://www.shopbop.com/good-90s-long-shorts-american/vp/v=1/1531759837.htm,https://www.shopbop.com/freja-thong-kitten-heel-staud/vp/v=1/1529667634.htm
1597057943,https://www.shopbop.com/carla-puffer-lioness/vp/v=1/1597057943.htm,https://www.shopbop.com/brightside-scoop-neck-tank-madewell/vp/v=1/1560042390.htm,https://www.shopbop.com/renacida-jean-lioness/vp/v=1/1509890259.htm,https://www.shopbop.com/ruth-loafer-aeyde/vp/v=1/1525009974.htm
1531442113,https://www.shopbop.com/quinta-blazer-lioness/vp/v=1/1531442113.htm,https://www.shopbop.com/quinta-pant-lioness/vp/v=1/1557414699.htm,https://www.shopbop.com/lace-bralette-ivory-anine-bing/vp/v=1/1503659041.htm,https://www.shopbop.com/narumi-neous/vp/v=1/1548934426.htm
1515797820,https://www.shopbop.com/wrenley-workwear-cropped-jacket-afrm/vp/v=1/1515797820.htm,https://www.shopbop.com/knit-tank-co/vp/v=1/1582360759.htm,https://www.shopbop.com/jeanius-good-90s-shorts-american/vp/v=1/1581654019.htm,https://www.shopbop.com/ona-vince/vp/v=1/1559296394.htm
1540485625,https://www.shopbop.com/workwear-jacket-lioness/vp/v=1/1540485625.htm,https://www.shopbop.com/classic-ringer-tee-askk-ny/vp/v=1/1587176880.htm,https://www.shopbop.com/kean-pant-veronica-beard/vp/v=1/1566071683.htm,https://www.shopbop.com/marin-boat-shoe-vince/vp/v=1/1515590475.htm
1543809190,https://www.shopbop.com/leo-boucle-waistcoat-aligne/vp/v=1/1543809190.htm,https://www.shopbop.com/renacida-jean-lioness/vp/v=1/1509890259.htm,https://www.shopbop.com/zoey-slingback-heels-bone-crinkled/vp/v=1/1561115919.htm,https://www.shopbop.com/mini-moon-bag-staud/vp/v=1/1564444401.htm
1562419828,https://www.shopbop.com/lupin-linen-tie-waistcoat-aligne/vp/v=1/1562419828.htm,https://www.shopbop.com/rib-tank-eterne/vp/v=1/1584684729.htm,https://www.shopbop.com/hot-short-free-people/vp/v=1/1550747280.htm,https://www.shopbop.com/mika-black-suede-studio/vp/v=1/1514632530.htm
1597249014,https://www.shopbop.com/chiltern-street-jacket-alex-mill/vp/v=1/1597249014.htm,https://www.shopbop.com/cleo-wade-paola-sweater-velvet/vp/v=1/1515019820.htm,https://www.shopbop.com/brynn-drawstring-short-citizens-humanity/vp/v=1/1533161841.htm,https://www.shopbop.com/ernest-sandal-emme-parsons/vp/v=1/1537555659.htm
1509882622,https://www.shopbop.com/morven-blouson-jacket-varley/vp/v=1/1509882622.htm,https://www.shopbop.com/t68-harley-cotton-short-sleeve/vp/v=1/1525068788.htm,https://www.shopbop.com/wide-leg-shorts-wayf/vp/v=1/1503679657.htm,https://www.shopbop.com/salomon/vp/v=1/1544468354.htm
1506465203,https://www.shopbop.com/balloon-sleeve-gathered-jacket-simonett/vp/v=1/1506465203.htm,https://www.shopbop.com/shania-baum-und-pferdgarten/vp/v=1/1542969803.htm,https://www.shopbop.com/gaia-shoulder-bag-mansur-gavriel/vp/v=1/1503427882.htm,https://www.shopbop.com/curl-crme-ouai/vp/v=1/1566955141.htm
1585262333,https://www.shopbop.com/coat-maxi-trench-quilted-bib/vp/v=1/1585262333.htm,https://www.shopbop.com/cella-jane-poplin-button-down/vp/v=1/1566230298.htm,https://www.shopbop.com/flexi-sofie-high-rise-full/vp/v=1/1524939823.htm,https://www.shopbop.com/penny-loafer-lth-jamie-haller/vp/v=1/1534135483.htm
1576861500,https://www.shopbop.com/quinta-blazer-lioness/vp/v=1/1576861500.htm,https://www.shopbop.com/front-back-classic-shirt-hommegirls/vp/v=1/1517069938.htm,https://www.shopbop.com/seamless-superlite-tank-alo-yoga/vp/v=1/1556150751.htm,https://www.shopbop.com/high-waist-airlift-leggings-alo/vp/v=1/1532814517.htm
1523437671,https://www.shopbop.com/pabli-iro/vp/v=1/1523437671.htm,https://www.shopbop.com/tshirt-program-mock-neck-unisex/vp/v=1/1595606745.htm,https://www.shopbop.com/2022-loose-fit-denim-acne/vp/v=1/1517979513.htm,https://www.shopbop.com/dune-earrings-by-alona/vp/v=1/1547655512.htm
1591505966,https://www.shopbop.com/rain-trench-great-outdoors/vp/v=1/1591505966.htm,https://www.shopbop.com/everyday-boxy-crop-tee-stripe/vp/v=1/1562947781.htm,https://www.shopbop.com/jesse-carpenter-short-r13/vp/v=1/1585328541.htm,https://www.shopbop.com/cashmere-cropped-cable-crew-white/vp/v=1/1514659782.htm
1511362909,https://www.shopbop.com/greek-garden-off-white-coat/vp/v=1/1511362909.htm,https://www.shopbop.com/cap-sleeve-tee-wardrobenyc/vp/v=1/1515597266.htm,https://www.shopbop.com/parker-long-loose-vintage-short/vp/v=1/1574843638.htm,https://www.shopbop.com/arissa-woven-ballet-flats-schutz/vp/v=1/1570641854.htm
1547962319,https://www.shopbop.com/rown-pistola-denim/vp/v=1/1547962319.htm,https://www.shopbop.com/serenity-pant-lioness/vp/v=1/1523635187.htm,https://www.shopbop.com/sam-mid-sandal-schutz/vp/v=1/1502938919.htm,https://www.shopbop.com/small-veronica-beard-slouch-shoulder/vp/v=1/1506903504.htm
1594732932,https://www.shopbop.com/jate-denim-wrap-waistcoat-aligne/vp/v=1/1594732932.htm,https://www.shopbop.com/dame-short-high-rise-baggy/vp/v=1/1541382159.htm,https://www.shopbop.com/mini-everyday-mansur-gavriel/vp/v=1/1549386644.htm,https://www.shopbop.com/double-lilly-mini-hoops-jennifer/vp/v=1/1584309413.htm
1513352937,https://www.shopbop.com/evolution-bomber-lioness/vp/v=1/1513352937.htm,https://www.shopbop.com/a51t00-nepo-baby-tee-hot/vp/v=1/1540162683.htm,https://www.shopbop.com/a51j35-wide-liv-abrand/vp/v=1/1583779532.htm,https://www.shopbop.com/charlie-tony-bianco/vp/v=1/1541873917.htm
1547942028,https://www.shopbop.com/tweed-top-jacket-endless-rose/vp/v=1/1547942028.htm,https://www.shopbop.com/scoop-neck-tank-good-american/vp/v=1/1539303158.htm,https://www.shopbop.com/tweed-buttoned-shorts-endless-rose/vp/v=1/1581530862.htm,https://www.shopbop.com/cadence-mule-badgley-mischka/vp/v=1/1540419773.htm
1596541879,https://www.shopbop.com/renacida-jacket-lioness/vp/v=1/1596541879.htm,https://www.shopbop.com/crop-rib-tank-amo/vp/v=1/1566835183.htm,https://www.shopbop.com/ida-pant-aligne/vp/v=1/1597422180.htm,https://www.shopbop.com/ruth-loafer-aeyde/vp/v=1/1525009974.htm
1584113093,https://www.shopbop.com/upcycled-denim-off-shoulder-jacket/vp/v=1/1584113093.htm,https://www.shopbop.com/wide-leg-pant-awake-mode/vp/v=1/1577568260.htm,https://www.shopbop.com/caprice-heel-tony-bianco/vp/v=1/1505263643.htm,https://www.shopbop.com/colorblur-glow-balm-goop/vp/v=1/1587855682.htm
1597390178,https://www.shopbop.com/kumiko-jacket-cinq-sept/vp/v=1/1597390178.htm,https://www.shopbop.com/crop-rib-tank-amo/vp/v=1/1566835183.htm,https://www.shopbop.com/ruffle-nitsan-parachute-pant-cinq/vp/v=1/1587704551.htm,https://www.shopbop.com/harlyn-toe-ring-sandal-sam/vp/v=1/1568884163.htm
1572561878,https://www.shopbop.com/billie-belted-leather-jacket-lagence/vp/v=1/1572561878.htm,https://www.shopbop.com/ribbed-tank-wardrobenyc/vp/v=1/1520163404.htm,https://www.shopbop.com/lax-wide-jamie-haller/vp/v=1/1542364766.htm,https://www.shopbop.com/narumi-neous/vp/v=1/1548934426.htm
1531270852,https://www.shopbop.com/patchwork-camo-ripstop-cinched-utility/vp/v=1/1531270852.htm,https://www.shopbop.com/daisy-tony-bianco/vp/v=1/1567702013.htm,https://www.shopbop.com/gemma-hoops-jenny-bird/vp/v=1/1581919492.htm,https://www.shopbop.com/colorblur-glow-balm-goop/vp/v=1/1587855682.htm
1529886015,https://www.shopbop.com/gilian-blazer-garment/vp/v=1/1529886015.htm,https://www.shopbop.com/gilian-pants-garment/vp/v=1/1515452983.htm,https://www.shopbop.com/inez-mule-schutz/vp/v=1/1562402637.htm,https://www.shopbop.com/eliza-puffs-jenny-bird/vp/v=1/1545217473.htm
1556566012,https://www.shopbop.com/workwear-jacket-lioness/vp/v=1/1556566012.htm,https://www.shopbop.com/ultraviolet-dress-free-people/vp/v=1/1576309483.htm,https://www.shopbop.com/sloane-heel-staud/vp/v=1/1585881101.htm,https://www.shopbop.com/gaia-shoulder-bag-mansur-gavriel/vp/v=1/1554709821.htm
1578043974,https://www.shopbop.com/palermo-blazer-lioness/vp/v=1/1578043974.htm,https://www.shopbop.com/christy-loafers-sam-edelman/vp/v=1/1529520488.htm,https://www.shopbop.com/gold-medium-chubby-hoop-earrings/vp/v=1/1583332739.htm,https://www.shopbop.com/forget-filler-overnight-lip-plumping/vp/v=1/1580173186.htm
1594407782,https://www.shopbop.com/kenny-woven-bomber-lioness/vp/v=1/1594407782.htm,https://www.shopbop.com/a42f03-90s-icon-scoop-neck/vp/v=1/1571024419.htm,https://www.shopbop.com/sofie-high-rise-ankle-wide/vp/v=1/1559292888.htm,https://www.shopbop.com/gloria-heeled-sandal-larroude/vp/v=1/1517259927.htm
1567625863,https://www.shopbop.com/beau-blazer-aligne/vp/v=1/1567625863.htm,https://www.shopbop.com/petina-atp-atelier/vp/v=1/1532154134.htm,https://www.shopbop.com/lilly-huggies-jennifer-fisher/vp/v=1/1592718552.htm,https://www.shopbop.com/set-tube-rings-timeless-pearly/vp/v=1/1530831337.htm
1520859390,https://www.shopbop.com/beau-blazer-aligne/vp/v=1/1520859390.htm,https://www.shopbop.com/brie-jean-blue-depths-anine/vp/v=1/1550926570.htm,https://www.shopbop.com/lidia-mule-heel-paris-texas/vp/v=1/1574675441.htm,https://www.shopbop.com/small-veronica-beard-slouch-shoulder/vp/v=1/1506903504.htm
1553150783,https://www.shopbop.com/madi-contrast-collar-jacket-aligne/vp/v=1/1553150783.htm,https://www.shopbop.com/springsteen-supima-cotton-baby-tee/vp/v=1/1520734254.htm,https://www.shopbop.com/manon-jean-mazarine-blue-anine/vp/v=1/1571846761.htm,https://www.shopbop.com/julie-loafer-aeyde/vp/v=1/1567849195.htm
1516837139,https://www.shopbop.com/essential-bomber-lioness/vp/v=1/1516837139.htm,https://www.shopbop.com/camino-top-z-supply/vp/v=1/1574278130.htm,https://www.shopbop.com/good-90s-long-shorts-american/vp/v=1/1531759837.htm,https://www.shopbop.com/freja-thong-kitten-heel-staud/vp/v=1/1529667634.htm
1597057943,https://www.shopbop.com/carla-puffer-lioness/vp/v=1/1597057943.htm,https://www.shopbop.com/brightside-scoop-neck-tank-madewell/vp/v=1/1560042390.htm,https://www.shopbop.com/renacida-jean-lioness/vp/v=1/1509890259.htm,https://www.shopbop.com/ruth-loafer-aeyde/vp/v=1/1525009974.htm
1531442113,https://www.shopbop.com/quinta-blazer-lioness/vp/v=1/1531442113.htm,https://www.shopbop.com/quinta-pant-lioness/vp/v=1/1557414699.htm,https://www.shopbop.com/lace-bralette-ivory-anine-bing/vp/v=1/1503659041.htm,https://www.shopbop.com/narumi-neous/vp/v=1/1548934426.htm
1515797820,https://www.shopbop.com/wrenley-workwear-cropped-jacket-afrm/vp/v=1/1515797820.htm,https://www.shopbop.com/knit-tank-co/vp/v=1/1582360759.htm,https://www.shopbop.com/jeanius-good-90s-shorts-american/vp/v=1/1581654019.htm,https://www.shopbop.com/ona-vince/vp/v=1/1559296394.htm
1540485625,https://www.shopbop.com/workwear-jacket-lioness/vp/v=1/1540485625.htm,https://www.shopbop.com/classic-ringer-tee-askk-ny/vp/v=1/1587176880.htm,https://www.shopbop.com/kean-pant-veronica-beard/vp/v=1/1566071683.htm,https://www.shopbop.com/marin-boat-shoe-vince/vp/v=1/1515590475.htm
1543809190,https://www.shopbop.com/leo-boucle-waistcoat-aligne/vp/v=1/1543809190.htm,https://www.shopbop.com/renacida-jean-lioness/vp/v=1/1509890259.htm,https://www.shopbop.com/zoey-slingback-heels-bone-crinkled/vp/v=1/1561115919.htm,https://www.shopbop.com/mini-moon-bag-staud/vp/v=1/1564444401.htm
1562419828,https://www.shopbop.com/lupin-linen-tie-waistcoat-aligne/vp/v=1/1562419828.htm,https://www.shopbop.com/rib-tank-eterne/vp/v=1/1584684729.htm,https://www.shopbop.com/hot-short-free-people/vp/v=1/1550747280.htm,https://www.shopbop.com/mika-black-suede-studio/vp/v=1/1514632530.htm
1597249014,https://www.shopbop.com/chiltern-street-jacket-alex-mill/vp/v=1/1597249014.htm,https://www.shopbop.com/cleo-wade-paola-sweater-velvet/vp/v=1/1515019820.htm,https://www.shopbop.com/brynn-drawstring-short-citizens-humanity/vp/v=1/1533161841.htm,https://www.shopbop.com/ernest-sandal-emme-parsons/vp/v=1/1537555659.htm
1509882622,https://www.shopbop.com/morven-blouson-jacket-varley/vp/v=1/1509882622.htm,https://www.shopbop.com/t68-harley-cotton-short-sleeve/vp/v=1/1525068788.htm,https://www.shopbop.com/wide-leg-shorts-wayf/vp/v=1/1503679657.htm,https://www.shopbop.com/salomon/vp/v=1/1544468354.htm
1506465203,https://www.shopbop.com/balloon-sleeve-gathered-jacket-simonett/vp/v=1/1506465203.htm,https://www.shopbop.com/shania-baum-und-pferdgarten/vp/v=1/1542969803.htm,https://www.shopbop.com/gaia-shoulder-bag-mansur-gavriel/vp/v=1/1503427882.htm,https://www.shopbop.com/curl-crme-ouai/vp/v=1/1566955141.htm
1585262333,https://www.shopbop.com/coat-maxi-trench-quilted-bib/vp/v=1/1585262333.htm,https://www.shopbop.com/cella-jane-poplin-button-down/vp/v=1/1566230298.htm,https://www.shopbop.com/flexi-sofie-high-rise-full/vp/v=1/1524939823.htm,https://www.shopbop.com/penny-loafer-lth-jamie-haller/vp/v=1/1534135483.htm
1576861500,https://www.shopbop.com/quinta-blazer-lioness/vp/v=1/1576861500.htm,https://www.shopbop.com/front-back-classic-shirt-hommegirls/vp/v=1/1517069938.htm,https://www.shopbop.com/seamless-superlite-tank-alo-yoga/vp/v=1/1556150751.htm,https://www.shopbop.com/high-waist-airlift-leggings-alo/vp/v=1/1532814517.htm
1523437671,https://www.shopbop.com/pabli-iro/vp/v=1/1523437671.htm,https://www.shopbop.com/tshirt-program-mock-neck-unisex/vp/v=1/1595606745.htm,https://www.shopbop.com/2022-loose-fit-denim-acne/vp/v=1/1517979513.htm,https://www.shopbop.com/dune-earrings-by-alona/vp/v=1/1547655512.htm
1591505966,https://www.shopbop.com/rain-trench-great-outdoors/vp/v=1/1591505966.htm,https://www.shopbop.com/everyday-boxy-crop-tee-stripe/vp/v=1/1562947781.htm,https://www.shopbop.com/jesse-carpenter-short-r13/vp/v=1/1585328541.htm,https://www.shopbop.com/cashmere-cropped-cable-crew-white/vp/v=1/1514659782.htm
1511362909,https://www.shopbop.com/greek-garden-off-white-coat/vp/v=1/1511362909.htm,https://www.shopbop.com/cap-sleeve-tee-wardrobenyc/vp/v=1/1515597266.htm,https://www.shopbop.com/parker-long-loose-vintage-short/vp/v=1/1574843638.htm,https://www.shopbop.com/arissa-woven-ballet-flats-schutz/vp/v=1/1570641854.htm
1547962319,https://www.shopbop.com/rown-pistola-denim/vp/v=1/1547962319.htm,https://www.shopbop.com/serenity-pant-lioness/vp/v=1/1523635187.htm,https://www.shopbop.com/sam-mid-sandal-schutz/vp/v=1/1502938919.htm,https://www.shopbop.com/small-veronica-beard-slouch-shoulder/vp/v=1/1506903504.htm
1594732932,https://www.shopbop.com/jate-denim-wrap-waistcoat-aligne/vp/v=1/1594732932.htm,https://www.shopbop.com/dame-short-high-rise-baggy/vp/v=1/1541382159.htm,https://www.shopbop.com/mini-everyday-mansur-gavriel/vp/v=1/1549386644.htm,https://www.shopbop.com/double-lilly-mini-hoops-jennifer/vp/v=1/1584309413.htm
1513352937,https://www.shopbop.com/evolution-bomber-lioness/vp/v=1/1513352937.htm,https://www.shopbop.com/a51t00-nepo-baby-tee-hot/vp/v=1/1540162683.htm,https://www.shopbop.com/a51j35-wide-liv-abrand/vp/v=1/1583779532.htm,https://www.shopbop.com/charlie-tony-bianco/vp/v=1/1541873917.htm
1547942028,https://www.shopbop.com/tweed-top-jacket-endless-rose/vp/v=1/1547942028.htm,https://www.shopbop.com/scoop-neck-tank-good-american/vp/v=1/1539303158.htm,https://www.shopbop.com/tweed-buttoned-shorts-endless-rose/vp/v=1/1581530862.htm,https://www.shopbop.com/cadence-mule-badgley-mischka/vp/v=1/1540419773.htm
1596541879,https://www.shopbop.com/renacida-jacket-lioness/vp/v=1/1596541879.htm,https://www.shopbop.com/crop-rib-tank-amo/vp/v=1/1566835183.htm,https://www.shopbop.com/ida-pant-aligne/vp/v=1/1597422180.htm,https://www.shopbop.com/ruth-loafer-aeyde/vp/v=1/1525009974.htm
